Symbol,Name,LastSale,MarketCap,IPOyear,Sector,industry,Summary Quote
PXLW,"Pixelworks, Inc.",3.52,$138.24M,2000,Technology,Semiconductors,https://old.nasdaq.com/symbol/pxlw
PLYA,Playa Hotels & Resorts N.V.,3.8,$505.9M,n/a,Consumer Services,Hotels/Resorts,https://old.nasdaq.com/symbol/plya
PLXS,Plexus Corp.,62.17,$1.81B,n/a,Technology,Electrical Products,https://old.nasdaq.com/symbol/plxs
PLRX,"Pliant Therapeutics, Inc.",22.85,$781.5M,2020,Health Care,Major Pharmaceuticals,https://old.nasdaq.com/symbol/plrx
PLUG,"Plug Power, Inc.",5.06,$1.64B,1999,Energy,Industrial Machinery/Components,https://old.nasdaq.com/symbol/plug
PLBC,Plumas Bancorp,21.69,$112.32M,n/a,Finance,Finance Companies,https://old.nasdaq.com/symbol/plbc
PS,"Pluralsight, Inc.",17.95,$2.57B,2018,Technology,"Computer Software: Programming, Data Processing",https://old.nasdaq.com/symbol/ps
PSTI,"Pluristem Therapeutics, Inc.",7.28,$181.32M,n/a,Health Care,Biotechnology: Biological Products (No Diagnostic Substances),https://old.nasdaq.com/symbol/psti
PSTV,"PLUS THERAPEUTICS, Inc.",1.97,$8.1M,n/a,Health Care,Medical/Dental Instruments,https://old.nasdaq.com/symbol/pstv
PLXP,PLx Pharma Inc.,3.3,$30.22M,2014,Health Care,Major Pharmaceuticals,https://old.nasdaq.com/symbol/plxp
PCOM,"Points International, Ltd.",10.06,$133.04M,n/a,Miscellaneous,Business Services,https://old.nasdaq.com/symbol/pcom
POLA,"Polar Power, Inc.",1.44,$14.58M,2016,Miscellaneous,Industrial Machinery/Components,https://old.nasdaq.com/symbol/pola
PTE,"PolarityTE, Inc.",1.32,$50.77M,n/a,Health Care,Biotechnology: Biological Products (No Diagnostic Substances),https://old.nasdaq.com/symbol/pte
PYPD,PolyPid Ltd.,n/a,n/a,n/a,n/a,n/a,https://old.nasdaq.com/symbol/pypd
POOL,Pool Corporation,252.67,$10.09B,1995,Consumer Durables,Industrial Specialties,https://old.nasdaq.com/symbol/pool
BPOP,"Popular, Inc.",38.11,$3.2B,n/a,Finance,Major Banks,https://old.nasdaq.com/symbol/bpop
BPOPM,"Popular, Inc.",24.7,n/a,n/a,Finance,Major Banks,https://old.nasdaq.com/symbol/bpopm
BPOPN,"Popular, Inc.",24.75,n/a,n/a,Finance,Major Banks,https://old.nasdaq.com/symbol/bpopn
KCAPL,Portman Ridge Finance Corporation,24,n/a,n/a,n/a,n/a,https://old.nasdaq.com/symbol/kcapl
PTMN,Portman Ridge Finance Corporation,1.35,$60.38M,n/a,n/a,n/a,https://old.nasdaq.com/symbol/ptmn
PTLA,"Portola Pharmaceuticals, Inc.",17.94,$1.41B,2013,Health Care,Major Pharmaceuticals,https://old.nasdaq.com/symbol/ptla
PPHI,"Positive Physicians Holdings, Inc.",10.15,$36.7M,2019,Finance,Property-Casualty Insurers,https://old.nasdaq.com/symbol/pphi
PBPB,Potbelly Corporation,2.62,$62.39M,2013,Consumer Services,Restaurants,https://old.nasdaq.com/symbol/pbpb
PCH,PotlatchDeltic Corporation,35.11,$2.35B,n/a,Consumer Services,Real Estate Investment Trusts,https://old.nasdaq.com/symbol/pch
POWL,"Powell Industries, Inc.",26.5,$307.77M,n/a,Consumer Durables,Electrical Products,https://old.nasdaq.com/symbol/powl
POWI,"Power Integrations, Inc.",111.62,$3.33B,1997,Technology,Semiconductors,https://old.nasdaq.com/symbol/powi
PBTS,"Powerbridge Technologies Co., Ltd.",2.67,$24.5M,2019,Technology,EDP Services,https://old.nasdaq.com/symbol/pbts
PWFL,"PowerFleet, Inc.",4.96,$148.3M,n/a,Capital Goods,Telecommunications Equipment,https://old.nasdaq.com/symbol/pwfl
PPD,"PPD, Inc.",25.65,$8.94B,2020,Health Care,Biotechnology: Commercial Physical & Biological Resarch,https://old.nasdaq.com/symbol/ppd
PRAA,"PRA Group, Inc.",36.57,$1.67B,2002,Finance,Finance: Consumer Services,https://old.nasdaq.com/symbol/praa
PRAH,"PRA Health Sciences, Inc.",94.63,$6.03B,2014,Health Care,Biotechnology: Commercial Physical & Biological Resarch,https://old.nasdaq.com/symbol/prah
PGEN,"Precigen, Inc.",4.14,$708M,n/a,Health Care,Biotechnology: Commercial Physical & Biological Resarch,https://old.nasdaq.com/symbol/pgen
PRPO,"Precipio, Inc.",0.975,$10.86M,n/a,Capital Goods,Biotechnology: Laboratory Analytical Instruments,https://old.nasdaq.com/symbol/prpo
DTIL,"Precision BioSciences, Inc.",7.48,$387.92M,2019,Health Care,Biotechnology: Biological Products (No Diagnostic Substances),https://old.nasdaq.com/symbol/dtil
POAI,Predictive Oncology Inc.,1.67,$17.78M,n/a,Health Care,Industrial Specialties,https://old.nasdaq.com/symbol/poai
PFBC,Preferred Bank,39.48,$588.89M,n/a,n/a,n/a,https://old.nasdaq.com/symbol/pfbc
PLPC,Preformed Line Products Company,50.84,$253.17M,n/a,Basic Industries,Water Supply,https://old.nasdaq.com/symbol/plpc
PFBI,"Premier Financial Bancorp, Inc.",13.21,$193.69M,1996,Finance,Major Banks,https://old.nasdaq.com/symbol/pfbi
PINC,"Premier, Inc.",32.33,$2.31B,2013,Consumer Services,Other Consumer Services,https://old.nasdaq.com/symbol/pinc
PBIO,"Pressure BioSciences, Inc.",2.68,$2.95M,n/a,n/a,n/a,https://old.nasdaq.com/symbol/pbio
PRVL,Prevail Therapeutics Inc.,15.59,$533.21M,2019,Health Care,Biotechnology: Biological Products (No Diagnostic Substances),https://old.nasdaq.com/symbol/prvl
PRGX,"PRGX Global, Inc.",3.87,$91.3M,1996,Consumer Services,Diversified Commercial Services,https://old.nasdaq.com/symbol/prgx
PSMT,"PriceSmart, Inc.",55.5,$1.7B,n/a,Consumer Services,Department/Specialty Retail Stores,https://old.nasdaq.com/symbol/psmt
PNRG,PrimeEnergy Resources Corporation,92.9,$185.26M,n/a,Energy,Oil & Gas Production,https://old.nasdaq.com/symbol/pnrg
PRMW,Primo Water Corporation,12.56,$2.01B,n/a,Consumer Non-Durables,Beverages (Production/Distribution),https://old.nasdaq.com/symbol/prmw
PRIM,Primoris Services Corporation,15.68,$756.72M,n/a,Basic Industries,Water Supply,https://old.nasdaq.com/symbol/prim
PVAL,Principal Contrarian Value Index ETF,25.0265,n/a,n/a,n/a,n/a,https://old.nasdaq.com/symbol/pval
PFG,Principal Financial Group Inc,41.88,$11.47B,2001,Finance,Accident &Health Insurance,https://old.nasdaq.com/symbol/pfg
BTEC,Principal Healthcare Innovators Index ETF,40.94,n/a,n/a,n/a,n/a,https://old.nasdaq.com/symbol/btec
PDEV,Principal International Multi-Factor Core Index ETF,21.383,n/a,n/a,n/a,n/a,https://old.nasdaq.com/symbol/pdev
GENY,Principal Millennials Index ETF,41.0416,n/a,n/a,n/a,n/a,https://old.nasdaq.com/symbol/geny
PSET,Principal Price Setters Index ETF,37.6,n/a,n/a,n/a,n/a,https://old.nasdaq.com/symbol/pset
PY,Principal Shareholder Yield Index ETF,27.9,n/a,n/a,n/a,n/a,https://old.nasdaq.com/symbol/py
PMOM,Principal Sustainable Momentum Index ETF,30.5242,n/a,n/a,n/a,n/a,https://old.nasdaq.com/symbol/pmom
PLC,Principal U.S. Large-Cap Multi-Factor Core Index ETF,25.08,n/a,n/a,n/a,n/a,https://old.nasdaq.com/symbol/plc
USMC,Principal U.S. Mega-Cap Multi-Factor Index ETF,29.51,n/a,n/a,n/a,n/a,https://old.nasdaq.com/symbol/usmc
PSC,Principal U.S. Small-Cap Multi-Factor Index ETF,26.88,n/a,n/a,n/a,n/a,https://old.nasdaq.com/symbol/psc
PSM,Principal U.S. Small-MidCap Multi-Factor Core Index ETF,23.3956,n/a,n/a,n/a,n/a,https://old.nasdaq.com/symbol/psm
PRNB,Principia Biopharma Inc.,60.67,$2B,2018,Health Care,Major Pharmaceuticals,https://old.nasdaq.com/symbol/prnb
PRTH,"Priority Technology Holdings, Inc.",2.47,$165.77M,2016,Miscellaneous,Business Services,https://old.nasdaq.com/symbol/prth
UFO,Procure Space ETF,20.26,n/a,n/a,n/a,n/a,https://old.nasdaq.com/symbol/ufo
PDEX,"Pro-Dex, Inc.",18.01,$68.64M,n/a,Health Care,Medical/Dental Instruments,https://old.nasdaq.com/symbol/pdex
IPDN,"Professional Diversity Network, Inc.",0.91,$9.94M,2013,Technology,"Computer Software: Programming, Data Processing",https://old.nasdaq.com/symbol/ipdn
PFHD,Professional Holding Corp.,14,$198.04M,2020,Finance,Major Banks,https://old.nasdaq.com/symbol/pfhd
PAAC,Proficient Alpha Acquisition Corp.,7.46,$107.92M,2019,Finance,Business Services,https://old.nasdaq.com/symbol/paac
PAACR,Proficient Alpha Acquisition Corp.,0.26,n/a,2019,Finance,Business Services,https://old.nasdaq.com/symbol/paacr
PAACU,Proficient Alpha Acquisition Corp.,8.1399,n/a,2019,Finance,Business Services,https://old.nasdaq.com/symbol/paacu
PAACW,Proficient Alpha Acquisition Corp.,0.1382,n/a,2019,Finance,Business Services,https://old.nasdaq.com/symbol/paacw
PFIE,"Profire Energy, Inc.",1.04,$49.59M,n/a,Energy,Metal Fabrications,https://old.nasdaq.com/symbol/pfie
PROF,Profound Medical Corp.,12.16,$195.56M,n/a,Health Care,Medical/Dental Instruments,https://old.nasdaq.com/symbol/prof
PGNX,Progenics Pharmaceuticals Inc.,4.04,$349.85M,1997,Health Care,Major Pharmaceuticals,https://old.nasdaq.com/symbol/pgnx
PRGS,Progress Software Corporation,38.46,$1.72B,1991,Technology,Computer Software: Prepackaged Software,https://old.nasdaq.com/symbol/prgs
PGNY,"Progyny, Inc.",22.56,$1.92B,2019,Health Care,Misc Health and Biotechnology Services,https://old.nasdaq.com/symbol/pgny
LUNG,"ProLung, Inc.",n/a,n/a,n/a,n/a,n/a,https://old.nasdaq.com/symbol/lung
PFPT,"Proofpoint, Inc.",107.3,$6.15B,2012,Technology,EDP Services,https://old.nasdaq.com/symbol/pfpt
PRPH,"ProPhase Labs, Inc.",1.5,$17.39M,n/a,Health Care,Major Pharmaceuticals,https://old.nasdaq.com/symbol/prph
PTAC,PropTech Acquisition Corporation,9.8376,$212.12M,2020,Finance,Business Services,https://old.nasdaq.com/symbol/ptac
PTACU,PropTech Acquisition Corporation,10.12,n/a,2019,Finance,Business Services,https://old.nasdaq.com/symbol/ptacu
PTACW,PropTech Acquisition Corporation,0.62,n/a,2020,Finance,Business Services,https://old.nasdaq.com/symbol/ptacw
PRQR,ProQR Therapeutics N.V.,5.25,$262.32M,2014,Health Care,Major Pharmaceuticals,https://old.nasdaq.com/symbol/prqr
EQRR,ProShares Equities for Rising Rates ETF,29.24,n/a,n/a,n/a,n/a,https://old.nasdaq.com/symbol/eqrr
BIB,ProShares Ultra Nasdaq Biotechnology,63.93,n/a,n/a,n/a,n/a,https://old.nasdaq.com/symbol/bib
TQQQ,ProShares UltraPro QQQ,84.8,n/a,n/a,n/a,n/a,https://old.nasdaq.com/symbol/tqqq
SQQQ,ProShares UltraPro Short QQQ,8.91,n/a,n/a,n/a,n/a,https://old.nasdaq.com/symbol/sqqq
BIS,ProShares UltraShort Nasdaq Biotechnology,9.27,n/a,n/a,n/a,n/a,https://old.nasdaq.com/symbol/bis
PSEC,Prospect Capital Corporation,5.47,$2.02B,2004,n/a,n/a,https://old.nasdaq.com/symbol/psec
PTGX,"Protagonist Therapeutics, Inc.",16.18,$463.84M,2016,Health Care,Major Pharmaceuticals,https://old.nasdaq.com/symbol/ptgx
TARA,"Protara Therapeutics, Inc. ",30.36,$177.4M,2014,Health Care,Biotechnology: Biological Products (No Diagnostic Substances),https://old.nasdaq.com/symbol/tara
PTVCA,Protective Insurance Corporation,18,$255.29M,n/a,Finance,Property-Casualty Insurers,https://old.nasdaq.com/symbol/ptvca
PTVCB,Protective Insurance Corporation,14.58,$206.79M,n/a,Finance,Property-Casualty Insurers,https://old.nasdaq.com/symbol/ptvcb
PTI,"Proteostasis Therapeutics, Inc.",1.42,$74.05M,2016,Health Care,Major Pharmaceuticals,https://old.nasdaq.com/symbol/pti
PRTA,Prothena Corporation plc,9.67,$385.94M,n/a,Health Care,Major Pharmaceuticals,https://old.nasdaq.com/symbol/prta
PRVB,"Provention Bio, Inc.",14.35,$687.64M,2018,Health Care,Major Pharmaceuticals,https://old.nasdaq.com/symbol/prvb
PVBC,"Provident Bancorp, Inc.",8.33,$162.24M,2015,Finance,Savings Institutions,https://old.nasdaq.com/symbol/pvbc
PROV,"Provident Financial Holdings, Inc.",13.05,$97.04M,n/a,Finance,Savings Institutions,https://old.nasdaq.com/symbol/prov
PBIP,"Prudential Bancorp, Inc.",11.83,$97.04M,n/a,Finance,Banks,https://old.nasdaq.com/symbol/pbip
PMD,Psychemedics Corporation,5.605,$30.97M,n/a,Health Care,Medical Specialities,https://old.nasdaq.com/symbol/pmd
PTC,PTC Inc.,75.16,$8.7B,n/a,Technology,Computer Software: Prepackaged Software,https://old.nasdaq.com/symbol/ptc
PTCT,"PTC Therapeutics, Inc.",49.265,$3.23B,2013,Health Care,Major Pharmaceuticals,https://old.nasdaq.com/symbol/ptct
PHCF,"PUHUI WEALTH INVESTMENT MANAGEMENT CO., LTD.",2.33,$26.81M,2018,Finance,Investment Managers,https://old.nasdaq.com/symbol/phcf
PULM,"Pulmatrix, Inc.",1.54,$39.15M,2014,Health Care,Major Pharmaceuticals,https://old.nasdaq.com/symbol/pulm
PLSE,"Pulse Biosciences, Inc",8.32,$173.63M,2016,Health Care,Medical/Dental Instruments,https://old.nasdaq.com/symbol/plse
PBYI,Puma Biotechnology Inc,9.48,$373.17M,n/a,Health Care,Major Pharmaceuticals,https://old.nasdaq.com/symbol/pbyi
PACQ,Pure Acquisition Corp.,10.49,$482.19M,2018,Finance,Business Services,https://old.nasdaq.com/symbol/pacq
PACQU,Pure Acquisition Corp.,10.52,n/a,2018,Finance,Business Services,https://old.nasdaq.com/symbol/pacqu
PACQW,Pure Acquisition Corp.,0.95,n/a,2018,Finance,Business Services,https://old.nasdaq.com/symbol/pacqw
PCYO,Pure Cycle Corporation,9.27,$221.1M,n/a,Public Utilities,Water Supply,https://old.nasdaq.com/symbol/pcyo
PRPL,"Purple Innovation, Inc.",15.21,$819.7M,2015,Consumer Durables,Home Furnishings,https://old.nasdaq.com/symbol/prpl
PUYI,Puyi Inc.,6.55,$395.06M,2019,Finance,Investment Managers,https://old.nasdaq.com/symbol/puyi
PXS,Pyxis Tankers Inc.,0.885,$18.96M,n/a,Transportation,Marine Transportation,https://old.nasdaq.com/symbol/pxs
QK,Q&K International Group Limited,11.5,$550.47M,2019,Finance,Real Estate,https://old.nasdaq.com/symbol/qk
QADA,QAD Inc.,41.75,$853.19M,n/a,Technology,Computer Software: Prepackaged Software,https://old.nasdaq.com/symbol/qada
QADB,QAD Inc.,29.5,$602.86M,n/a,Technology,Computer Software: Prepackaged Software,https://old.nasdaq.com/symbol/qadb
QCRH,"QCR Holdings, Inc.",30.57,$482.2M,n/a,Finance,Major Banks,https://old.nasdaq.com/symbol/qcrh
QGEN,Qiagen N.V.,42.97,$9.8B,n/a,Health Care,Biotechnology: Biological Products (No Diagnostic Substances),https://old.nasdaq.com/symbol/qgen
QIWI,QIWI plc,14.1,$884.25M,2013,Miscellaneous,Business Services,https://old.nasdaq.com/symbol/qiwi
QRVO,"Qorvo, Inc.",108.9,$12.49B,n/a,Technology,Semiconductors,https://old.nasdaq.com/symbol/qrvo
QCOM,QUALCOMM Incorporated,85.24,$95.89B,1991,Technology,Radio And Television Broadcasting And Communications Equipment,https://old.nasdaq.com/symbol/qcom
QLGN,"Qualigen Therapeutics, Inc.",5,$9.23M,2015,Health Care,Major Pharmaceuticals,https://old.nasdaq.com/symbol/qlgn
QLYS,"Qualys, Inc.",103.11,$4.02B,2012,Technology,Computer Software: Prepackaged Software,https://old.nasdaq.com/symbol/qlys
QTRX,Quanterix Corporation,25.28,$715.7M,2017,Capital Goods,Biotechnology: Laboratory Analytical Instruments,https://old.nasdaq.com/symbol/qtrx
QMCO,Quantum Corporation,4.11,$163.82M,n/a,Technology,Electronic Components,https://old.nasdaq.com/symbol/qmco
QRHC,Quest Resource Holding Corporation,1.41,$21.72M,n/a,Technology,Diversified Commercial Services,https://old.nasdaq.com/symbol/qrhc
QUIK,QuickLogic Corporation,4.84,$40.6M,1999,Technology,Semiconductors,https://old.nasdaq.com/symbol/quik
QDEL,Quidel Corporation,171.8,$7.22B,n/a,Health Care,Biotechnology: In Vitro & In Vivo Diagnostic Substances,https://old.nasdaq.com/symbol/qdel
QNST,"QuinStreet, Inc.",10.58,$549.66M,2010,Miscellaneous,Business Services,https://old.nasdaq.com/symbol/qnst
QUMU,Qumu Corporation,2.21,$29.9M,n/a,Technology,Computer Software: Prepackaged Software,https://old.nasdaq.com/symbol/qumu
QTNT,Quotient Limited,7.26,$583.06M,2014,Health Care,Biotechnology: In Vitro & In Vivo Diagnostic Substances,https://old.nasdaq.com/symbol/qtnt
QRTEA,"Qurate Retail, Inc.",8.825,$3.68B,n/a,Consumer Services,Catalog/Specialty Distribution,https://old.nasdaq.com/symbol/qrtea
QRTEB,"Qurate Retail, Inc.",8.46,$3.53B,n/a,Consumer Services,Catalog/Specialty Distribution,https://old.nasdaq.com/symbol/qrteb
QTT,Qutoutiao Inc.,2.61,$696.42M,2018,Technology,"Computer Software: Programming, Data Processing",https://old.nasdaq.com/symbol/qtt
RRD,R.R. Donnelley & Sons Company,1.28,$91.26M,n/a,Miscellaneous,Publishing,https://old.nasdaq.com/symbol/rrd
RCM,R1 RCM Inc.,11.27,$1.29B,n/a,Consumer Services,Other Consumer Services,https://old.nasdaq.com/symbol/rcm
RADA,RADA Electronic Industries Ltd.,5.99,$259.9M,n/a,Technology,Electronic Components,https://old.nasdaq.com/symbol/rada
RDCM,Radcom Ltd.,7.42,$103.46M,1997,Technology,Computer peripheral equipment,https://old.nasdaq.com/symbol/rdcm
RDUS,"Radius Health, Inc.",13.14,$609.55M,2014,Health Care,Major Pharmaceuticals,https://old.nasdaq.com/symbol/rdus
RDNT,"RadNet, Inc.",16.01,$806.9M,n/a,Health Care,Medical Specialities,https://old.nasdaq.com/symbol/rdnt
RDWR,Radware Ltd.,23.23,$1.08B,1999,Miscellaneous,Business Services,https://old.nasdaq.com/symbol/rdwr
METC,"Ramaco Resources, Inc.",2.42,$103.37M,2017,Energy,Coal Mining,https://old.nasdaq.com/symbol/metc
RMBS,"Rambus, Inc.",14.78,$1.67B,1997,Technology,Semiconductors,https://old.nasdaq.com/symbol/rmbs
RAND,Rand Capital Corporation,10.82,$28.02M,n/a,Finance,Finance: Consumer Services,https://old.nasdaq.com/symbol/rand
RNDB,"Randolph Bancorp, Inc.",9.31,$51.06M,2016,Finance,Major Banks,https://old.nasdaq.com/symbol/rndb
RPD,"Rapid7, Inc.",47.28,$2.39B,2015,Technology,Computer Software: Prepackaged Software,https://old.nasdaq.com/symbol/rpd
RAPT,"RAPT Therapeutics, Inc.",21.52,$524.52M,2019,Health Care,Major Pharmaceuticals,https://old.nasdaq.com/symbol/rapt
RTLR,Rattler Midstream LP,9.81,$1.49B,2019,Public Utilities,Natural Gas Distribution,https://old.nasdaq.com/symbol/rtlr
RAVE,"Rave Restaurant Group, Inc.",0.8615,$13.04M,n/a,Consumer Non-Durables,Food Distributors,https://old.nasdaq.com/symbol/rave
RAVN,"Raven Industries, Inc.",20.29,$727.09M,n/a,Capital Goods,Specialty Chemicals,https://old.nasdaq.com/symbol/ravn
RBB,RBB Bancorp,13.08,$258.19M,2017,Finance,Major Banks,https://old.nasdaq.com/symbol/rbb
ROLL,RBC Bearings Incorporated,134.52,$3.37B,2005,Capital Goods,Metal Fabrications,https://old.nasdaq.com/symbol/roll
RICK,"RCI Hospitality Holdings, Inc.",14.75,$134.6M,1995,Consumer Services,Restaurants,https://old.nasdaq.com/symbol/rick
RCMT,"RCM Technologies, Inc.",1.61,$18.19M,n/a,Technology,Professional Services,https://old.nasdaq.com/symbol/rcmt
RDI,Reading International Inc,4.03,$87.52M,n/a,Consumer Services,Movies/Entertainment,https://old.nasdaq.com/symbol/rdi
RDIB,Reading International Inc,16.6,$360.52M,n/a,Consumer Services,Movies/Entertainment,https://old.nasdaq.com/symbol/rdib
BLCN,Reality Shares Nasdaq NextGen Economy ETF,26.95,n/a,n/a,n/a,n/a,https://old.nasdaq.com/symbol/blcn
RNWK,"RealNetworks, Inc.",1.23,$47.03M,1997,Technology,EDP Services,https://old.nasdaq.com/symbol/rnwk
RP,"RealPage, Inc.",64.43,$6.58B,2010,Technology,Computer Software: Prepackaged Software,https://old.nasdaq.com/symbol/rp
RETA,"Reata Pharmaceuticals, Inc.",163.25,$5.43B,2016,Health Care,Major Pharmaceuticals,https://old.nasdaq.com/symbol/reta
RCON,"Recon Technology, Ltd.",1.99,$10.99M,2009,Energy,Oilfield Services/Equipment,https://old.nasdaq.com/symbol/rcon
REPH,"Recro Pharma, Inc.",4.92,$115.94M,2014,Health Care,Major Pharmaceuticals,https://old.nasdaq.com/symbol/reph
RRBI,"Red River Bancshares, Inc.",38.96,$285.29M,2019,Finance,Major Banks,https://old.nasdaq.com/symbol/rrbi
RRGB,"Red Robin Gourmet Burgers, Inc.",12.3,$158.75M,2002,Consumer Services,Restaurants,https://old.nasdaq.com/symbol/rrgb
RRR,"Red Rock Resorts, Inc.",13.24,$1.55B,2016,Consumer Services,Hotels/Resorts,https://old.nasdaq.com/symbol/rrr
RDVT,"Red Violet, Inc.",18.09,$209.81M,n/a,Technology,Computer Software: Prepackaged Software,https://old.nasdaq.com/symbol/rdvt
RDFN,Redfin Corporation,32.755,$3.23B,2017,Finance,Real Estate,https://old.nasdaq.com/symbol/rdfn
RDHL,Redhill Biopharma Ltd.,7.04,$248.3M,n/a,Health Care,Major Pharmaceuticals,https://old.nasdaq.com/symbol/rdhl
REED,"Reeds, Inc.",1,$62.93M,n/a,Consumer Non-Durables,Beverages (Production/Distribution),https://old.nasdaq.com/symbol/reed
REG,Regency Centers Corporation,47.89,$8.12B,1993,Consumer Services,Real Estate Investment Trusts,https://old.nasdaq.com/symbol/reg
REGN,"Regeneron Pharmaceuticals, Inc.",588.39,$60.44B,1991,Health Care,Major Pharmaceuticals,https://old.nasdaq.com/symbol/regn
RGNX,REGENXBIO Inc.,35.17,$1.31B,2015,Health Care,Biotechnology: Biological Products (No Diagnostic Substances),https://old.nasdaq.com/symbol/rgnx
RGLS,Regulus Therapeutics Inc.,0.95,$26.23M,2012,Health Care,Major Pharmaceuticals,https://old.nasdaq.com/symbol/rgls
REKR,"Rekor Systems, Inc.",3.38,$77.3M,n/a,Capital Goods,Telecommunications Equipment,https://old.nasdaq.com/symbol/rekr
RBNC,"Reliant Bancorp, Inc.",14.74,$244.95M,n/a,Finance,Major Banks,https://old.nasdaq.com/symbol/rbnc
RELV,"Reliv&#39; International, Inc.",3.5001,$6.11M,n/a,Health Care,Major Pharmaceuticals,https://old.nasdaq.com/symbol/relv
RLMD,"Relmada Therapeutics, Inc.",46.97,$713.86M,n/a,Health Care,Major Pharmaceuticals,https://old.nasdaq.com/symbol/rlmd
MARK,"Remark Holdings, Inc.",2.29,$227.52M,n/a,Consumer Services,Telecommunications Equipment,https://old.nasdaq.com/symbol/mark
RNST,Renasant Corporation,23.68,$1.33B,n/a,Finance,Major Banks,https://old.nasdaq.com/symbol/rnst
REGI,"Renewable Energy Group, Inc.",27.395,$1.07B,2012,Basic Industries,Major Chemicals,https://old.nasdaq.com/symbol/regi
RCII,Rent-A-Center Inc.,24.9,$1.34B,1995,Technology,Diversified Commercial Services,https://old.nasdaq.com/symbol/rcii
RPAY,Repay Holdings Corporation,24.54,$1.15B,2018,Miscellaneous,Business Services,https://old.nasdaq.com/symbol/rpay
RGEN,Repligen Corporation,116.83,$6.11B,1986,Health Care,Biotechnology: Biological Products (No Diagnostic Substances),https://old.nasdaq.com/symbol/rgen
REPL,"Replimune Group, Inc.",20.6,$757.75M,2018,Health Care,Biotechnology: Biological Products (No Diagnostic Substances),https://old.nasdaq.com/symbol/repl
KRMD,"Repro Med Systems, Inc.",9.95,$394.96M,n/a,Health Care,Medical/Dental Instruments,https://old.nasdaq.com/symbol/krmd
RBCAA,"Republic Bancorp, Inc.",32.22,$673.28M,1998,Finance,Major Banks,https://old.nasdaq.com/symbol/rbcaa
FRBK,"Republic First Bancorp, Inc.",2.39,$140.65M,n/a,Finance,Major Banks,https://old.nasdaq.com/symbol/frbk
REFR,Research Frontiers Incorporated,4.91,$154.23M,n/a,Miscellaneous,Multi-Sector Companies,https://old.nasdaq.com/symbol/refr
RSSS,"Research Solutions, Inc",3.015,$78.49M,n/a,Miscellaneous,Business Services,https://old.nasdaq.com/symbol/rsss
RESN,Resonant Inc.,2.56,$135.04M,2014,Technology,Semiconductors,https://old.nasdaq.com/symbol/resn
RGP,"Resources Connection, Inc.",11.23,$360.98M,n/a,Miscellaneous,Business Services,https://old.nasdaq.com/symbol/rgp
TORC,"resTORbio, Inc.",2.09,$76.17M,2018,Health Care,Major Pharmaceuticals,https://old.nasdaq.com/symbol/torc
ROIC,Retail Opportunity Investments Corp.,11.5,$1.34B,n/a,Consumer Services,Real Estate Investment Trusts,https://old.nasdaq.com/symbol/roic
RETO,"ReTo Eco-Solutions, Inc.",1.26,$28.68M,2017,Capital Goods,Industrial Machinery/Components,https://old.nasdaq.com/symbol/reto
RTRX,"Retrophin, Inc.",15.32,$661.14M,n/a,Health Care,Major Pharmaceuticals,https://old.nasdaq.com/symbol/rtrx
RVNC,"Revance Therapeutics, Inc.",21.395,$1.22B,2014,Health Care,Major Pharmaceuticals,https://old.nasdaq.com/symbol/rvnc
RVMD,"Revolution Medicines, Inc.",36.08,$2.13B,2020,Health Care,Biotechnology: Biological Products (No Diagnostic Substances),https://old.nasdaq.com/symbol/rvmd
RWLK,ReWalk Robotics Ltd.,1.64,$21.21M,2014,Health Care,Industrial Specialties,https://old.nasdaq.com/symbol/rwlk
REXN,"Rexahn Pharmaceuticals, Inc.",2.55,$10.25M,n/a,Health Care,Major Pharmaceuticals,https://old.nasdaq.com/symbol/rexn
REYN,Reynolds Consumer Products Inc.,31.41,$6.59B,2020,Consumer Durables,Containers/Packaging,https://old.nasdaq.com/symbol/reyn
RFIL,"RF Industries, Ltd.",5.12,$49.96M,n/a,Capital Goods,Electrical Products,https://old.nasdaq.com/symbol/rfil
RGCO,RGC Resources Inc.,23.96,$194.99M,n/a,Public Utilities,Oil & Gas Production,https://old.nasdaq.com/symbol/rgco
RBKB,"Rhinebeck Bancorp, Inc.",6.9999,$77.93M,2019,Finance,Banks,https://old.nasdaq.com/symbol/rbkb
RYTM,"Rhythm Pharmaceuticals, Inc.",20.035,$883.38M,2017,Health Care,Major Pharmaceuticals,https://old.nasdaq.com/symbol/rytm
RBBN,Ribbon Communications Inc. ,3.87,$560.26M,n/a,Technology,EDP Services,https://old.nasdaq.com/symbol/rbbn
RIBT,RiceBran Technologies,0.9751,$39.1M,n/a,Consumer Non-Durables,Packaged Foods,https://old.nasdaq.com/symbol/ribt
RELL,"Richardson Electronics, Ltd.",3.99,$52.41M,1983,Technology,Electronic Components,https://old.nasdaq.com/symbol/rell
RMBI,"Richmond Mutual Bancorporation, Inc.",11.07,$149.74M,2019,Finance,Major Banks,https://old.nasdaq.com/symbol/rmbi
RIGL,"Rigel Pharmaceuticals, Inc.",1.8,$303.43M,2000,Health Care,Major Pharmaceuticals,https://old.nasdaq.com/symbol/rigl
RNET,"RigNet, Inc.",2.62,$53.59M,2010,Consumer Services,Telecommunications Equipment,https://old.nasdaq.com/symbol/rnet
RMNI,"Rimini Street, Inc.",4.26,$290.47M,2015,Miscellaneous,Business Services,https://old.nasdaq.com/symbol/rmni
RIOT,"Riot Blockchain, Inc",2.29,$79.1M,n/a,Health Care,Biotechnology: In Vitro & In Vivo Diagnostic Substances,https://old.nasdaq.com/symbol/riot
REDU,RISE Education Cayman Ltd,3.74,$210.85M,2017,Consumer Services,Other Consumer Services,https://old.nasdaq.com/symbol/redu
RVSB,Riverview Bancorp Inc,5.14,$114.36M,n/a,Finance,Savings Institutions,https://old.nasdaq.com/symbol/rvsb
RIVE,Riverview Financial Corporation,6.98,$64.5M,n/a,Finance,Major Banks,https://old.nasdaq.com/symbol/rive
RCKT,"Rocket Pharmaceuticals, Inc.",18.13,$1000M,2015,Health Care,Major Pharmaceuticals,https://old.nasdaq.com/symbol/rckt
RMTI,"Rockwell Medical, Inc.",2,$138.14M,1998,Health Care,Major Pharmaceuticals,https://old.nasdaq.com/symbol/rmti
RCKY,"Rocky Brands, Inc.",20.84,$152.39M,1993,Consumer Non-Durables,Shoe Manufacturing,https://old.nasdaq.com/symbol/rcky
RMCF,"Rocky Mountain Chocolate Factory, Inc.",5.19,$31.45M,n/a,Consumer Non-Durables,Specialty Foods,https://old.nasdaq.com/symbol/rmcf
ROKU,"Roku, Inc.",108.07,$13.04B,2017,Consumer Services,Television Services,https://old.nasdaq.com/symbol/roku
ROSE,Rosehill Resources Inc.,0.6029,$26.84M,2016,Energy,Oil & Gas Production,https://old.nasdaq.com/symbol/rose
ROSEU,Rosehill Resources Inc.,0.8153,n/a,2016,Energy,Oil & Gas Production,https://old.nasdaq.com/symbol/roseu
ROSEW,Rosehill Resources Inc.,0.057,n/a,2016,Energy,Oil & Gas Production,https://old.nasdaq.com/symbol/rosew
ROST,"Ross Stores, Inc.",92.48,$32.87B,1985,Consumer Services,Clothing/Shoe/Accessory Stores,https://old.nasdaq.com/symbol/rost
ROCH,Roth CH Acquisition I Co.,n/a,n/a,2020,n/a,n/a,https://old.nasdaq.com/symbol/roch
ROCHU,Roth CH Acquisition I Co.,9.98,n/a,2020,Finance,Business Services,https://old.nasdaq.com/symbol/rochu
ROCHW,Roth CH Acquisition I Co.,n/a,n/a,2020,n/a,n/a,https://old.nasdaq.com/symbol/rochw
RGLD,"Royal Gold, Inc.",120.35,$7.89B,n/a,Basic Industries,Precious Metals,https://old.nasdaq.com/symbol/rgld
RTIX,"RTI Surgical Holdings, Inc.",2.98,$222.2M,2000,Health Care,Industrial Specialties,https://old.nasdaq.com/symbol/rtix
RBCN,"Rubicon Technology, Inc.",7.65,$19.01M,2007,Technology,Semiconductors,https://old.nasdaq.com/symbol/rbcn
RUBY,"Rubius Therapeutics, Inc.",6.06,$487.69M,2018,Health Care,Biotechnology: Biological Products (No Diagnostic Substances),https://old.nasdaq.com/symbol/ruby
RUHN,Ruhnn Holding Limited,3.31,$278.67M,2019,Consumer Services,Catalog/Specialty Distribution,https://old.nasdaq.com/symbol/ruhn
RMBL,"RumbleOn, Inc.",9.21,$20.38M,n/a,Technology,EDP Services,https://old.nasdaq.com/symbol/rmbl
RUSHA,"Rush Enterprises, Inc.",39.67,$1.43B,n/a,Consumer Durables,Automotive Aftermarket,https://old.nasdaq.com/symbol/rusha
RUSHB,"Rush Enterprises, Inc.",33.29,$1.2B,n/a,Consumer Durables,Automotive Aftermarket,https://old.nasdaq.com/symbol/rushb
RUTH,"Ruth&#39;s Hospitality Group, Inc.",9.63,$266.08M,2005,Consumer Services,Restaurants,https://old.nasdaq.com/symbol/ruth
RYAAY,Ryanair Holdings plc,70.96,$15.46B,1997,Transportation,Air Freight/Delivery Services,https://old.nasdaq.com/symbol/ryaay
STBA,"S&T Bancorp, Inc.",22.64,$888.45M,n/a,Finance,Major Banks,https://old.nasdaq.com/symbol/stba
SANW,S&W Seed Company,2.38,$79.53M,n/a,Consumer Non-Durables,Farming/Seeds/Milling,https://old.nasdaq.com/symbol/sanw
SBRA,"Sabra Health Care REIT, Inc.",14.68,$3.02B,n/a,Consumer Services,Real Estate Investment Trusts,https://old.nasdaq.com/symbol/sbra
SABR,Sabre Corporation,8.51,$2.34B,2014,Technology,"Computer Software: Programming, Data Processing",https://old.nasdaq.com/symbol/sabr
SAEX,"SAExploration Holdings, Inc.",1.6914,$7.5M,n/a,Energy,Oil & Gas Production,https://old.nasdaq.com/symbol/saex
SFET,Safe-T Group Ltd.,1.47,$4.72M,2018,Technology,Computer Software: Prepackaged Software,https://old.nasdaq.com/symbol/sfet
SAFT,"Safety Insurance Group, Inc.",75.77,$1.16B,2002,Finance,Property-Casualty Insurers,https://old.nasdaq.com/symbol/saft
SGA,"Saga Communications, Inc.",25.4,$152.3M,n/a,Consumer Services,Broadcasting,https://old.nasdaq.com/symbol/sga
SAGE,"Sage Therapeutics, Inc.",36.21,$1.88B,2014,Health Care,Major Pharmaceuticals,https://old.nasdaq.com/symbol/sage
SAIA,"Saia, Inc.",104.91,$2.74B,n/a,Transportation,Trucking Freight/Courier Services,https://old.nasdaq.com/symbol/saia
SLRX,"Salarius Pharmaceuticals, Inc.",1.53,$20.89M,2015,Health Care,Major Pharmaceuticals,https://old.nasdaq.com/symbol/slrx
SALM,"Salem Media Group, Inc.",1.0184,$27.17M,1999,Consumer Services,Broadcasting,https://old.nasdaq.com/symbol/salm
SAL,"Salisbury Bancorp, Inc.",40.64,$114.94M,n/a,Finance,Savings Institutions,https://old.nasdaq.com/symbol/sal
SAFM,"Sanderson Farms, Inc.",121.19,$2.7B,1987,Consumer Non-Durables,Meat/Poultry/Fish,https://old.nasdaq.com/symbol/safm
SASR,"Sandy Spring Bancorp, Inc.",25.01,$1.17B,n/a,Finance,Major Banks,https://old.nasdaq.com/symbol/sasr
SGMO,"Sangamo Therapeutics, Inc.",10.99,$1.55B,2000,Health Care,Biotechnology: Biological Products (No Diagnostic Substances),https://old.nasdaq.com/symbol/sgmo
SANM,Sanmina Corporation,25.53,$1.74B,1993,Technology,Electrical Products,https://old.nasdaq.com/symbol/sanm
SNY,Sanofi,49.95,$125.08B,n/a,Health Care,Major Pharmaceuticals,https://old.nasdaq.com/symbol/sny
SPNS,Sapiens International Corporation N.V.,27.81,$1.4B,1992,Technology,Computer Software: Prepackaged Software,https://old.nasdaq.com/symbol/spns
SRPT,"Sarepta Therapeutics, Inc.",158.85,$12.39B,n/a,Health Care,Major Pharmaceuticals,https://old.nasdaq.com/symbol/srpt
STSA,"Satsuma Pharmaceuticals, Inc.",26.99,$469.34M,2019,Health Care,Major Pharmaceuticals,https://old.nasdaq.com/symbol/stsa
SVRA,"Savara, Inc.",2.58,$134.64M,n/a,Health Care,Major Pharmaceuticals,https://old.nasdaq.com/symbol/svra
SBFG,"SB Financial Group, Inc.",16.8,$129.34M,n/a,Finance,Major Banks,https://old.nasdaq.com/symbol/sbfg
SBBX,SB One Bancorp,17.2,$162.24M,n/a,Finance,Major Banks,https://old.nasdaq.com/symbol/sbbx
SBAC,SBA Communications Corporation,297.37,$33.19B,1999,Consumer Services,Real Estate Investment Trusts,https://old.nasdaq.com/symbol/sbac
SCSC,"ScanSource, Inc.",23.91,$606.02M,n/a,Technology,Retail: Computer Software & Peripheral Equipment,https://old.nasdaq.com/symbol/scsc
SMIT,"Schmitt Industries, Inc.",3.26,$12.32M,n/a,Capital Goods,Industrial Machinery/Components,https://old.nasdaq.com/symbol/smit
SCHN,"Schnitzer Steel Industries, Inc.",16.91,$458.25M,1993,Consumer Durables,Industrial Specialties,https://old.nasdaq.com/symbol/schn
SRRK,Scholar Rock Holding Corporation,17.27,$515.92M,2018,Health Care,Biotechnology: Biological Products (No Diagnostic Substances),https://old.nasdaq.com/symbol/srrk
SCHL,Scholastic Corporation,29.36,$1.01B,1992,Consumer Services,Books,https://old.nasdaq.com/symbol/schl
SDGR,"Schrodinger, Inc.",60.51,$3.83B,2020,Health Care,Major Pharmaceuticals,https://old.nasdaq.com/symbol/sdgr
SAMA,Schultze Special Purpose Acquisition Corp.,10.39,$168.84M,2019,Finance,Business Services,https://old.nasdaq.com/symbol/sama
SAMAU,Schultze Special Purpose Acquisition Corp.,11.96,n/a,2018,Finance,Business Services,https://old.nasdaq.com/symbol/samau
SAMAW,Schultze Special Purpose Acquisition Corp.,1.12,n/a,2019,Finance,Business Services,https://old.nasdaq.com/symbol/samaw
SJ,Scienjoy Holding Corporation,6.15,$142.99M,2019,Technology,EDP Services,https://old.nasdaq.com/symbol/sj
SGMS,Scientific Games Corp,15.24,$1.44B,n/a,Technology,EDP Services,https://old.nasdaq.com/symbol/sgms
SCPL,SciPlay Corporation,13.35,$1.69B,2019,Technology,EDP Services,https://old.nasdaq.com/symbol/scpl
SCPH,scPharmaceuticals Inc.,7.1,$190.21M,2017,Health Care,Major Pharmaceuticals,https://old.nasdaq.com/symbol/scph
WORX,SCWorx Corp.,5.755,$40.86M,2016,Consumer Services,Services-Misc. Amusement & Recreation,https://old.nasdaq.com/symbol/worx
SCYX,"SCYNEXIS, Inc.",0.8023,$79.28M,2014,Health Care,Major Pharmaceuticals,https://old.nasdaq.com/symbol/scyx
SEAC,"SeaChange International, Inc.",1.78,$66.79M,1996,Technology,Radio And Television Broadcasting And Communications Equipment,https://old.nasdaq.com/symbol/seac
SBCF,Seacoast Banking Corporation of Florida,20.88,$1.1B,n/a,Finance,Major Banks,https://old.nasdaq.com/symbol/sbcf
STX,Seagate Technology PLC,50.61,$12.99B,2002,Technology,Electronic Components,https://old.nasdaq.com/symbol/stx
SHIP,Seanergy Maritime Holdings Corp,0.17,$44.59M,n/a,Transportation,Marine Transportation,https://old.nasdaq.com/symbol/ship
SHIPW,Seanergy Maritime Holdings Corp,0.0598,n/a,n/a,Transportation,Marine Transportation,https://old.nasdaq.com/symbol/shipw
SHIPZ,Seanergy Maritime Holdings Corp,0.038,n/a,n/a,Transportation,Marine Transportation,https://old.nasdaq.com/symbol/shipz
SPNE,SeaSpine Holdings Corporation,11.08,$301.86M,n/a,Health Care,Medical/Dental Instruments,https://old.nasdaq.com/symbol/spne
SGEN,"Seattle Genetics, Inc.",151.16,$26.17B,2001,Health Care,Biotechnology: Biological Products (No Diagnostic Substances),https://old.nasdaq.com/symbol/sgen
EYES,"Second Sight Medical Products, Inc.",1.17,$27.09M,2014,Health Care,Biotechnology: Electromedical & Electrotherapeutic Apparatus,https://old.nasdaq.com/symbol/eyes
EYESW,"Second Sight Medical Products, Inc.",0.1799,n/a,n/a,Health Care,Biotechnology: Electromedical & Electrotherapeutic Apparatus,https://old.nasdaq.com/symbol/eyesw
SECO,Secoo Holding Limited,3.29,$165.3M,2017,Consumer Services,Other Specialty Stores,https://old.nasdaq.com/symbol/seco
SCWX,SecureWorks Corp.,11.98,$984.04M,2016,Technology,Computer Software: Prepackaged Software,https://old.nasdaq.com/symbol/scwx
SNFCA,Security National Financial Corporation,7.4,$137.87M,n/a,Finance,Finance: Consumer Services,https://old.nasdaq.com/symbol/snfca
SEEL,"Seelos Therapeutics, Inc.",1.19,$53.49M,n/a,Health Care,Major Pharmaceuticals,https://old.nasdaq.com/symbol/seel
SEIC,SEI Investments Company,56.29,$8.33B,1981,Finance,Investment Bankers/Brokers/Service,https://old.nasdaq.com/symbol/seic
SLCT,"Select Bancorp, Inc.",7.69,$138.85M,n/a,Finance,Major Banks,https://old.nasdaq.com/symbol/slct
SIC,"Select Interior Concepts, Inc.",4.03,$102.05M,n/a,Basic Industries,Homebuilding,https://old.nasdaq.com/symbol/sic
SELB,"Selecta Biosciences, Inc.",2.68,$234.47M,2016,Health Care,Major Pharmaceuticals,https://old.nasdaq.com/symbol/selb
SIGI,"Selective Insurance Group, Inc.",50.24,$3B,n/a,Finance,Property-Casualty Insurers,https://old.nasdaq.com/symbol/sigi
SLS,"SELLAS Life Sciences Group, Inc. ",3.09,$20.76M,n/a,Health Care,Major Pharmaceuticals,https://old.nasdaq.com/symbol/sls
LEDS,SemiLEDS Corporation,2.825,$11.32M,2010,Technology,Semiconductors,https://old.nasdaq.com/symbol/leds
SMTC,Semtech Corporation,50.59,$3.3B,n/a,Technology,Semiconductors,https://old.nasdaq.com/symbol/smtc
SNCA,"Seneca Biopharma, Inc.",0.8159,$14.11M,n/a,Health Care,Biotechnology: Biological Products (No Diagnostic Substances),https://old.nasdaq.com/symbol/snca
SENEA,Seneca Foods Corp.,31.7,$290.19M,n/a,Consumer Non-Durables,Packaged Foods,https://old.nasdaq.com/symbol/senea
SENEB,Seneca Foods Corp.,32,$292.93M,n/a,Consumer Non-Durables,Packaged Foods,https://old.nasdaq.com/symbol/seneb
SNES,"SenesTech, Inc.",1.82,$6.18M,2016,Basic Industries,Agricultural Chemicals,https://old.nasdaq.com/symbol/snes
AIHS,Senmiao Technology Limited,0.6474,$18.67M,2018,Finance,Finance: Consumer Services,https://old.nasdaq.com/symbol/aihs
SRTS,"Sensus Healthcare, Inc.",3.02,$49.88M,2016,Health Care,Medical/Dental Instruments,https://old.nasdaq.com/symbol/srts
SQBG,"Sequential Brands Group, Inc.",0.268,$17.66M,n/a,Consumer Non-Durables,Apparel,https://old.nasdaq.com/symbol/sqbg
MCRB,"Seres Therapeutics, Inc.",4.38,$317.98M,2015,Health Care,Major Pharmaceuticals,https://old.nasdaq.com/symbol/mcrb
SVC,Service Properties Trust,9.79,$1.61B,n/a,Consumer Services,Real Estate Investment Trusts,https://old.nasdaq.com/symbol/svc
SREV,"ServiceSource International, Inc.",1.56,$148.41M,2011,Miscellaneous,Business Services,https://old.nasdaq.com/symbol/srev
SFBS,"ServisFirst Bancshares, Inc.",34.35,$1.85B,2014,Finance,Major Banks,https://old.nasdaq.com/symbol/sfbs
SESN,"Sesen Bio, Inc.",0.7409,$81.81M,2014,Health Care,Major Pharmaceuticals,https://old.nasdaq.com/symbol/sesn
SVBI,Severn Bancorp Inc,6,$76.88M,n/a,Finance,Major Banks,https://old.nasdaq.com/symbol/svbi
SGBX,"SG Blocks, Inc.",2.56,$21.79M,2017,Consumer Services,RETAIL: Building Materials,https://old.nasdaq.com/symbol/sgbx
SGOC,"SGOCO Group, Ltd",1.1,$88.03M,2010,Technology,Radio And Television Broadcasting And Communications Equipment,https://old.nasdaq.com/symbol/sgoc
SMED,Sharps Compliance Corp.,6.96,$113.83M,n/a,Basic Industries,Environmental Services,https://old.nasdaq.com/symbol/smed
SHSP,"SharpSpring, Inc.",8.67,$99.94M,n/a,Technology,Computer Software: Prepackaged Software,https://old.nasdaq.com/symbol/shsp
SHEN,Shenandoah Telecommunications Co,51.36,$2.56B,n/a,Public Utilities,Telecommunications Equipment,https://old.nasdaq.com/symbol/shen
PIXY,"ShiftPixy, Inc.",5.19,$82.62M,2017,Technology,Diversified Commercial Services,https://old.nasdaq.com/symbol/pixy
SHLO,"Shiloh Industries, Inc.",1.21,$29.29M,1993,Capital Goods,Industrial Specialties,https://old.nasdaq.com/symbol/shlo
SCCI,"Shimmick Construction Company, Inc.",n/a,n/a,n/a,n/a,n/a,https://old.nasdaq.com/symbol/scci
TYHT,"Shineco, Inc.",0.63,$17.22M,2016,Consumer Non-Durables,Farming/Seeds/Milling,https://old.nasdaq.com/symbol/tyht
SWAV,"ShockWave Medical, Inc.",44.54,$1.42B,2019,Health Care,Medical/Dental Instruments,https://old.nasdaq.com/symbol/swav
SCVL,"Shoe Carnival, Inc.",25.63,$361.07M,1993,Consumer Services,Clothing/Shoe/Accessory Stores,https://old.nasdaq.com/symbol/scvl
SHBI,Shore Bancshares Inc,10.01,$125.36M,n/a,Finance,Major Banks,https://old.nasdaq.com/symbol/shbi
SSTI,"ShotSpotter, Inc.",23.28,$265.38M,2017,Technology,Computer Software: Prepackaged Software,https://old.nasdaq.com/symbol/ssti
SIBN,"SI-BONE, Inc.",16.76,$476.44M,2018,Health Care,Medical/Dental Instruments,https://old.nasdaq.com/symbol/sibn
SIEB,Siebert Financial Corp.,5.72,$175.34M,n/a,Finance,Investment Bankers/Brokers/Service,https://old.nasdaq.com/symbol/sieb
SIEN,"Sientra, Inc.",4.26,$213.14M,2014,Health Care,Industrial Specialties,https://old.nasdaq.com/symbol/sien
BSRR,Sierra Bancorp,17.48,$265.52M,n/a,Finance,Major Banks,https://old.nasdaq.com/symbol/bsrr
SRRA,"Sierra Oncology, Inc.",14.06,$146.16M,2015,Health Care,Major Pharmaceuticals,https://old.nasdaq.com/symbol/srra
SWIR,"Sierra Wireless, Inc.",9.17,$333.22M,n/a,Technology,Radio And Television Broadcasting And Communications Equipment,https://old.nasdaq.com/symbol/swir
SIFY,Sify Technologies Limited,0.862,$154.42M,n/a,Technology,"Computer Software: Programming, Data Processing",https://old.nasdaq.com/symbol/sify
SIGA,SIGA Technologies Inc.,5.62,$455.49M,n/a,Health Care,Major Pharmaceuticals,https://old.nasdaq.com/symbol/siga
SGLB,"Sigma Labs, Inc.",2.52,$7.78M,n/a,Consumer Durables,Miscellaneous manufacturing industries,https://old.nasdaq.com/symbol/sglb
SGLBW,"Sigma Labs, Inc.",0.1602,n/a,n/a,Consumer Durables,Miscellaneous manufacturing industries,https://old.nasdaq.com/symbol/sglbw
SGMA,"SigmaTron International, Inc.",3.16,$13.41M,1994,Technology,Electrical Products,https://old.nasdaq.com/symbol/sgma
SBNY,Signature Bank,107.88,$5.78B,2004,Finance,Major Banks,https://old.nasdaq.com/symbol/sbny
SLGN,Silgan Holdings Inc.,31.49,$3.49B,1997,Consumer Durables,Containers/Packaging,https://old.nasdaq.com/symbol/slgn
SILC,Silicom Ltd,33.35,$239.31M,n/a,Technology,Computer Communications Equipment,https://old.nasdaq.com/symbol/silc
SLAB,"Silicon Laboratories, Inc.",96.26,$4.21B,2000,Technology,Semiconductors,https://old.nasdaq.com/symbol/slab
SIMO,Silicon Motion Technology Corporation,43.04,$1.57B,2005,Technology,Semiconductors,https://old.nasdaq.com/symbol/simo
SILK,"Silk Road Medical, Inc.",37.12,$1.24B,2019,Health Care,Medical/Dental Instruments,https://old.nasdaq.com/symbol/silk
SSPK,Silver Spike Acquisition Corp.,10.04,$313.75M,2019,Finance,Business Services,https://old.nasdaq.com/symbol/sspk
SSPKU,Silver Spike Acquisition Corp.,10.05,n/a,2019,Finance,Business Services,https://old.nasdaq.com/symbol/sspku
SSPKW,Silver Spike Acquisition Corp.,0.4,n/a,2019,Finance,Business Services,https://old.nasdaq.com/symbol/sspkw
SAMG,Silvercrest Asset Management Group Inc.,11.75,$168.74M,2013,Finance,Investment Managers,https://old.nasdaq.com/symbol/samg
SSNT,"SilverSun Technologies, Inc.",2.06,$9.27M,n/a,Miscellaneous,Business Services,https://old.nasdaq.com/symbol/ssnt
SFNC,Simmons First National Corporation,16.355,$1.78B,n/a,Finance,Major Banks,https://old.nasdaq.com/symbol/sfnc
SLP,"Simulations Plus, Inc.",48.78,$866.72M,n/a,Technology,EDP Services,https://old.nasdaq.com/symbol/slp
SINA,Sina Corporation,34.47,$2.25B,n/a,Technology,Computer Software: Prepackaged Software,https://old.nasdaq.com/symbol/sina
SBGI,"Sinclair Broadcast Group, Inc.",19.29,$1.55B,1995,Consumer Services,Broadcasting,https://old.nasdaq.com/symbol/sbgi
SINO,"Sino-Global Shipping America, Ltd.",0.5555,$10.13M,n/a,Transportation,Oil Refining/Marketing,https://old.nasdaq.com/symbol/sino
SVA,"Sinovac Biotech, Ltd.",6.47,$639.9M,n/a,Health Care,Major Pharmaceuticals,https://old.nasdaq.com/symbol/sva
SINT,"SiNtx Technologies, Inc.",0.759,$8.95M,2014,Health Care,Medical/Dental Instruments,https://old.nasdaq.com/symbol/sint
SG,"Sirius International Insurance Group, Ltd.",7,$807.1M,n/a,Finance,Property-Casualty Insurers,https://old.nasdaq.com/symbol/sg
SIRI,Sirius XM Holdings Inc.,5.935,$25.99B,n/a,Consumer Services,Broadcasting,https://old.nasdaq.com/symbol/siri
SRVA,"SIRVA, Inc.",n/a,n/a,n/a,n/a,n/a,https://old.nasdaq.com/symbol/srva
SITM,SiTime Corporation,35.75,$538.42M,2019,Technology,Semiconductors,https://old.nasdaq.com/symbol/sitm
SKYS,"Sky Solar Holdings, Ltd.",3.56,$74.68M,2014,Public Utilities,Electric Utilities: Central,https://old.nasdaq.com/symbol/skys
SKYW,"SkyWest, Inc.",34.56,$1.73B,1986,Transportation,Air Freight/Delivery Services,https://old.nasdaq.com/symbol/skyw
SWKS,"Skyworks Solutions, Inc.",126.91,$21.17B,n/a,Technology,Semiconductors,https://old.nasdaq.com/symbol/swks
SNBR,Sleep Number Corporation,38.25,$1.06B,n/a,Consumer Durables,Home Furnishings,https://old.nasdaq.com/symbol/snbr
SLM,SLM Corporation,7.9,$2.96B,n/a,Finance,Finance: Consumer Services,https://old.nasdaq.com/symbol/slm
SLMBP,SLM Corporation,34.88,n/a,n/a,Finance,Finance: Consumer Services,https://old.nasdaq.com/symbol/slmbp
SGH,"SMART Global Holdings, Inc.",26.07,$625.5M,2017,Technology,Semiconductors,https://old.nasdaq.com/symbol/sgh
SND,"Smart Sand, Inc.",1.15,$48.39M,2016,Basic Industries,Mining & Quarrying of Nonmetallic Minerals (No Fuels),https://old.nasdaq.com/symbol/snd
SMBK,"SmartFinancial, Inc.",15.63,$237.84M,n/a,Finance,Major Banks,https://old.nasdaq.com/symbol/smbk
SDC,"SmileDirectClub, Inc.",7.36,$2.83B,2019,Health Care,Medical/Dental Instruments,https://old.nasdaq.com/symbol/sdc
SWBI,"Smith & Wesson Brands, Inc.",16.47,$906.97M,n/a,Capital Goods,Ordnance And Accessories,https://old.nasdaq.com/symbol/swbi
SMSI,"Smith Micro Software, Inc.",4.41,$182.67M,1995,Technology,Computer Software: Prepackaged Software,https://old.nasdaq.com/symbol/smsi
SMTX,SMTC Corporation,3,$84.64M,2000,Technology,Electrical Products,https://old.nasdaq.com/symbol/smtx
SCKT,"Socket Mobile, Inc.",1.3473,$8.1M,n/a,Technology,Computer Manufacturing,https://old.nasdaq.com/symbol/sckt
GIGE,SoFi Gig Economy ETF,22.4026,n/a,n/a,n/a,n/a,https://old.nasdaq.com/symbol/gige
SAQN,Software Acquisition Group Inc.,9.855,$184.17M,2020,Finance,Business Services,https://old.nasdaq.com/symbol/saqn
SAQNU,Software Acquisition Group Inc.,10,n/a,2019,Finance,Business Services,https://old.nasdaq.com/symbol/saqnu
SAQNW,Software Acquisition Group Inc.,0.67,n/a,2020,Finance,Business Services,https://old.nasdaq.com/symbol/saqnw
SOHU,Sohu.com Limited ,8.12,$318.86M,n/a,Technology,EDP Services,https://old.nasdaq.com/symbol/sohu
SLRC,Solar Capital Ltd.,16.98,$717.59M,2010,n/a,n/a,https://old.nasdaq.com/symbol/slrc
SUNS,Solar Senior Capital Ltd.,13.58,$217.95M,n/a,n/a,n/a,https://old.nasdaq.com/symbol/suns
SEDG,"SolarEdge Technologies, Inc.",142.05,$7.05B,2015,Technology,Semiconductors,https://old.nasdaq.com/symbol/sedg
SLNO,"Soleno Therapeutics, Inc.",1.89,$84.5M,2014,Health Care,Biotechnology: Electromedical & Electrotherapeutic Apparatus,https://old.nasdaq.com/symbol/slno
SLGL,Sol-Gel Technologies Ltd.,8.06,$185.16M,2018,Health Care,Major Pharmaceuticals,https://old.nasdaq.com/symbol/slgl
SLDB,Solid Biosciences Inc.,2.99,$137.75M,2018,Health Care,Biotechnology: Biological Products (No Diagnostic Substances),https://old.nasdaq.com/symbol/sldb
SNGX,"Soligenix, Inc.",1.9,$50.5M,n/a,Health Care,Major Pharmaceuticals,https://old.nasdaq.com/symbol/sngx
SNGXW,"Soligenix, Inc.",0.45,n/a,n/a,Health Care,Major Pharmaceuticals,https://old.nasdaq.com/symbol/sngxw
SOLY,"Soliton, Inc.",13.81,$233.99M,2019,Health Care,Medical/Dental Instruments,https://old.nasdaq.com/symbol/soly
SONM,"Sonim Technologies, Inc.",0.8905,$18.61M,2019,Public Utilities,Telecommunications Equipment,https://old.nasdaq.com/symbol/sonm
SONN,"Sonnet BioTherapeutics Holdings, Inc.",3.79,$34.87M,n/a,Health Care,Major Pharmaceuticals,https://old.nasdaq.com/symbol/sonn
SNOA,"Sonoma Pharmaceuticals, Inc.",6.64,$11.8M,n/a,Health Care,Major Pharmaceuticals,https://old.nasdaq.com/symbol/snoa
SONO,"Sonos, Inc.",12.245,$1.33B,2018,Consumer Non-Durables,Consumer Electronics/Appliances,https://old.nasdaq.com/symbol/sono
SRNE,"Sorrento Therapeutics, Inc.",4.615,$967.72M,n/a,Health Care,Biotechnology: Biological Products (No Diagnostic Substances),https://old.nasdaq.com/symbol/srne
SOHO,Sotherly Hotels Inc.,3.38,$50.1M,n/a,Consumer Services,Real Estate Investment Trusts,https://old.nasdaq.com/symbol/soho
SOHOB,Sotherly Hotels Inc.,11.45,n/a,n/a,Consumer Services,Real Estate Investment Trusts,https://old.nasdaq.com/symbol/sohob
SOHON,Sotherly Hotels Inc.,11.57,n/a,n/a,Consumer Services,Real Estate Investment Trusts,https://old.nasdaq.com/symbol/sohon
SOHOO,Sotherly Hotels Inc.,11,n/a,n/a,Consumer Services,Real Estate Investment Trusts,https://old.nasdaq.com/symbol/sohoo
SFBC,"Sound Financial Bancorp, Inc.",24.1,$62.53M,n/a,Finance,Savings Institutions,https://old.nasdaq.com/symbol/sfbc
SMMC,South Mountain Merger Corp.,9.95,$310.94M,2019,Finance,Business Services,https://old.nasdaq.com/symbol/smmc
SMMCU,South Mountain Merger Corp.,10.5,$328.13M,2019,Finance,Business Services,https://old.nasdaq.com/symbol/smmcu
SMMCW,South Mountain Merger Corp.,0.84,n/a,2019,Finance,Business Services,https://old.nasdaq.com/symbol/smmcw
SPFI,"South Plains Financial, Inc.",12.79,$230.98M,2019,Finance,Major Banks,https://old.nasdaq.com/symbol/spfi
SSB,South State Corporation,53.11,$3.76B,n/a,Finance,Major Banks,https://old.nasdaq.com/symbol/ssb
SFST,"Southern First Bancshares, Inc.",27.71,$213.85M,n/a,Finance,Major Banks,https://old.nasdaq.com/symbol/sfst
SMBC,"Southern Missouri Bancorp, Inc.",23.7,$216.34M,n/a,Finance,Banks,https://old.nasdaq.com/symbol/smbc
